<?xml version="1.0" encoding="UTF-8"?>
<project-private xmlns="http://www.netbeans.org/ns/project-private/1">
    <editor-bookmarks xmlns="http://www.netbeans.org/ns/editor-bookmarks/2" lastBookmarkId="0"/>
    <open-files xmlns="http://www.netbeans.org/ns/projectui-open-files/2">
        <group>
            <file>file:/C:/Users/Tony/Desktop/School/COMP%20350/BricksPalette/test/PaletteTest.java</file>
            <file>file:/C:/Users/Tony/Desktop/School/COMP%20350/BricksPalette/test/BrickTest.java</file>
            <file>file:/C:/Users/Tony/Desktop/School/COMP%20350/BricksPalette/src/Brick.java</file>
            <file>file:/C:/Users/Tony/Desktop/School/COMP%20350/BricksPalette/src/Palette.java</file>
        </group>
    </open-files>
</project-private>
